OBJECTID,SITE_NAME,OWNERSHIP,PROTECTION,TYPECODE,DISTRICT,ACRES,ADDRESS,ZonAgg,TypeLong,OS_Own_Jur,OS_Mngmnt,POS,PA,ALT_NAME,AgncyJuris,Shape_STArea__,Shape_STLength__,ShapeSTArea,ShapeSTLength
1,Wilson Park,City of Boston,A97,1,Allston-Brighton,0.09717567,Off 1686 Commonwealth Ave.,Open Space District,"Malls, Squares & Plazas",NULL,BPWD,N,X, ,BPWD,0,0,4233.046875,256.7300082
2,Nickerson Field,Private,Ch114S7/A97,3,Allston-Brighton,6.34559501,467-487 Cummins Highway,Institutional District,"Parks, Playgrounds & Athletic Fields",NULL,Private+BPRD,N,X,Boston University Field,DND,0,0,276419.0325,2104.702611
3,Hooker-Sorrento Street Playground,City of Boston,A97,3,Allston-Brighton,1.00537799,60 Smith Str.,Open Space District,"Parks, Playgrounds & Athletic Fields",BPRD,DCR,X,X, ,BPWD,0,0,43737.35132,852.8441117
4,Smith Playground,City of Boston,A97,3,Allston-Brighton,14.79771231,10 Sewall Str.,Open Space District,"Parks, Playgrounds & Athletic Fields",BPRD,DCR,X,X, ,BPRD,0,0,654457.5037,3624.893621
5,Fern Square,City of Boston,A97,1,Allston-Brighton,0.04054316,28 Mozart Str.,Open Space District,"Malls, Squares & Plazas",BPRD,BPRD,X,X,"James F. Collins Square, Franklin Square",DND,0,0,1938.695313,207.3205312
6,Ringer Playground,City of Boston,A97,3,Allston-Brighton,10.25585494,Western Sidewalk Dartmouth Street from Boylston to Beacon Sts,Open Space District,"Parks, Playgrounds & Athletic Fields",BPRD,Private+BPRD,X,N, ,BPS,0,0,447031.2051,3765.829384
7,Kennedy Rock,Private, ,6,Allston-Brighton,2.21054314,124 Peterborough Str.,Conservation Protection Subdistrict,Urban Wilds & Natural Areas,NULL,DCR,N,X, ,PWD,0,0,96292.97192,1270.349749
8,McKinney Playground,City of Boston,A97,3,Allston-Brighton,5.89138132,61-74 Faneuil Str.,Open Space District,"Parks, Playgrounds & Athletic Fields",BPRD,Private+BPRD,X,X, ,DND,0,0,256633.1348,2170.126268
9,Hobart Park,City of Boston,A97,3,Allston-Brighton,0.80884689,Opposite 18 Ranlegh Rd.,Open Space District,"Parks, Playgrounds & Athletic Fields",BPRD,BPWD,X,X, ,BPWD,0,0,35233.99731,797.5968022
10,Market Street Burying Ground,City of Boston,Ch114S7/A97,4,Allston-Brighton,0.39534779,Opposite 381 Market Str.,Open Space District,Cemeteries & Burying Grounds,BPRD,Private+BPRD,X,X, ,DND,0,0,17221.65601,536.818225
11,Jackson Square,City of Boston,A97,1,Allston-Brighton,0.12031326,Opposite 63 Chestnut Hill Ave,Open Space District,"Malls, Squares & Plazas",BPRD,BPRD,X,X,Viola Square,BPRD,0,0,5240.938721,277.7903215
12,Reilly Playground,Commonwealth of Massachusetts,A97,3,Allston-Brighton,6.96695306,467-487 Cummins Highway,Open Space District,"Parks, Playgrounds & Athletic Fields",DCR,BPRD,X,X, ,DND,0,0,303485.8718,2550.505949
13,Boyden Park,Commonwealth of Massachusetts,A97,1,Allston-Brighton,0.48179081,60 Smith Str.,Institutional District,"Malls, Squares & Plazas",DCR,BPRD,X,X, ,DND,0,0,20987.18262,608.7100182
14,Evergreen Cemetery,City of Boston,Ch114S7/A97,4,Allston-Brighton,20.77215033,10 Sewall Str.,Open Space District,Cemeteries & Burying Grounds,BPRD,Private+BPRD,X,X, ,BPRD,0,0,904850.9558,4005.023241
15,Hardiman Playground,City of Boston,A97,3,Allston-Brighton,1.47302947,28 Mozart Str.,Open Space District,"Parks, Playgrounds & Athletic Fields",BPRD,DCR,X,N, ,DND,0,0,64166.30469,1064.40426
16,St John's Seminary,Private,A97,6,Allston-Brighton,59.97256943,23 Everett Str.,Conservation Protection Subdistrict,Urban Wilds & Natural Areas,NULL,BPRD,N,X, ,BPS,0,0,2612451.57,7708.715051
17,The Cenacles,Private,Ch114S7/A97,6,Allston-Brighton,15.33969764,61-74 Faneuil Str.,Conservation Protection Subdistrict,Urban Wilds & Natural Areas,BCC,DCR,X,X, ,PWD,0,0,668209.1104,4949.196631
18,Rogers Park,City of Boston,A97,3,Allston-Brighton,8.17116962,Adjacent to 91 Foster St,Open Space District,"Parks, Playgrounds & Athletic Fields",BPRD,BPRD,X,N,Galvin Park,DND,0,0,355942.4768,2579.293015
19,Euston Path Rock,City of Boston,A97,6,Allston-Brighton,0.39015654,10 Sewall Str.,Open Space District,Urban Wilds & Natural Areas,NULL,BPRD,N,N, ,BPWD,0,0,16856.35205,546.238365
20,Turnpike Overlook,MassDOT,A97,6,Allston-Brighton,3.15,28 Mozart Str.,Open Space District,Urban Wilds & Natural Areas,NULL,Private+BPRD,N,N, ,DND,0,0,137407.7368,3711.089774
21,Foster Street Hill,Private,A97,6,Allston-Brighton,3.40605727,Adjacent to 35 St. James Str.,Conservation Protection Subdistrict,Urban Wilds & Natural Areas,NULL,DCR,N,N, ,BPRD,0,0,180392.1904,2182.592229
22,Foster Street Rock,Private,Ch114S7/A97,6,Allston-Brighton,4.62718042,158 Walnut Avenue,Conservation Protection Subdistrict,Urban Wilds & Natural Areas,NULL,BPRD,N,N, ,DND,0,0,201563.5537,1942.774105
23,Boston College Athletic Fields,Private,A97,3,Allston-Brighton,9.72386143,Opposite 227 Walnut Ave,Institutional District,"Parks, Playgrounds & Athletic Fields",NULL,BPRD,N,X, ,DND,0,0,423578.9351,3571.941702
24,Chandler Pond,City of Boston,A97,3,Allston-Brighton,18.90802906,Oppoiste 156 Humboldt Ave.,Open Space District,"Parks, Playgrounds & Athletic Fields",BPRD,BPWD,X,N,Gallagher Mem. Park,BPWD,0,0,823648.3884,4006.852818
25,Nonquit Green,Community Group/Nonprofit,A97,1,Dorchester,0.35746179,467-487 Cummins Highway,Residential District,"Malls, Squares & Plazas",NULL,Private+BPRD,N,X, ,DND,0,0,17838.01489,548.7130041
26,Mullen Square,City of Boston,A97,1,Dorchester,0.22675059,60 Smith Str.,Residential District,"Malls, Squares & Plazas",BPRD,DCR,X,X, ,BPWD,0,0,9877.431641,409.1872686
27,Dorchester North Burying Ground,City of Boston,A97,4,Dorchester,3.30391727,10 Sewall Str.,Commercial/Office/Business District,Cemeteries & Burying Grounds,BPRD,DCR,X,N, ,BPRD,0,0,143921.1965,1827.534139
28,Calf Pasture I,City of Boston,Ch114S7/A97,6,Dorchester,1.93,28 Mozart Str.,Institutional District,Urban Wilds & Natural Areas,NULL,BPRD,N,N,Columbia Point,DND,0,0,83966.5957,2333.929499
29,Meetinghouse Hill Overlook,City of Boston,A97,6,Dorchester,0.40922366,10 Sewall Str.,Residential District,Urban Wilds & Natural Areas,NULL,Private+BPRD,N,X, ,BPS,0,0,14713.44849,760.8825696
30,Downer Avenue Playground,City of Boston,A97,3,Dorchester,0.80889778,28 Mozart Str.,Residential District,"Parks, Playgrounds & Athletic Fields",BPRD,DCR,X,X, ,PWD,0,0,32827.32764,913.5091969
31,The Humps,City of Boston,A97,6,Dorchester,0.92720636,61-74 Faneuil Str.,Residential District,Urban Wilds & Natural Areas,NULL,Private+BPRD,N, , ,DND,0,0,40564.79688,985.5739435
32,Quincy/Stanley Play Area,City of Boston,A97,3,Dorchester,0.3724094,Quincy Str.,Residential District,"Parks, Playgrounds & Athletic Fields",BPRD,BPWD,X,X, ,BPWD,0,0,16344.86816,529.7907322
33,Deer Street Park,City of Boston,A97,3,Dorchester,0.24478116,Opposite 34 Deer Str.,Residential District,"Parks, Playgrounds & Athletic Fields",BPRD,Private+BPRD,X,X, ,DND,0,0,10740.09399,487.0571896
34,Savin Hill Beach,Commonwealth of Massachusetts,A97,2,Dorchester,2.98993894,61-74 Faneuil Str.,Open Space District,"Parkways, Reservations & Beaches",DCR,BPRD,X,X, ,BPRD,0,0,149575.5303,3618.982975
35,Coppens Square,City of Boston,A97,1,Dorchester,0.35701954,Opposite 344 Bowdoin Str.,Residential District,"Malls, Squares & Plazas",BPRD,BPRD,X,X,Rev. Francis X. Coppens Square,DND,0,0,15552.04785,489.7137407
36,Old Harbor Park,Commonwealth of Massachusetts,A97/LWCF/Ch91,2,Dorchester,7.99,61-74 Faneuil Str.,Commercial/Office/Business District,"Parkways, Reservations & Beaches",DCR,BPRD,X,X, ,DND,0,0,346519.2263,6651.049296
37,McConnell Park,City of Boston,A97,3,Dorchester,6.20127641,28 Denny Str./Playstead Rd,Open Space District,"Parks, Playgrounds & Athletic Fields",BPRD,Private+BPRD,X,X, ,BPWD,0,0,279017.4705,3043.681372
38,Boston Common,City of Boston,A97/NHL,3,Back Bay/Beacon Hill,46.52264921,139 Tremont Str. @VIC,Open Space District,"Parks, Playgrounds & Athletic Fields",BPRD,DCR,X,X, ,DND,0,0,1992352.513,6329.298656
39,Central Burying Ground,City of Boston,A97/NHL/PR/BL,4,Back Bay/Beacon Hill,1.49,Opposite 123 Boylston Str.,Open Space District,Cemeteries & Burying Grounds,BPRD,BPRD,X,X, ,DND,0,0,64864.22852,1105.081488
40,Public Garden,City of Boston,A97,3,Back Bay/Beacon Hill,23.51,"Boylston, Arlington, Charles",Open Space District,"Parks, Playgrounds & Athletic Fields",BPRD,DCR,X,X, ,BPWD,0,0,1023949.009,4131.461326
41,Granary Burying Ground,City of Boston,A97/NRHP/PR/BL,4,Back Bay/Beacon Hill,1.86,Opposite 110 Tremont,Open Space District,Cemeteries & Burying Grounds,BPRD,BPRD,X,X, ,DND,0,0,80878.57568,1160.13387
42,Phillips Street Park,City of Boston,A97,3,Back Bay/Beacon Hill,0.11526636,Phillips Str.,Residential District,"Parks, Playgrounds & Athletic Fields",BPRD,BPRD,X,X, ,BPRD,0,0,5021.092529,330.5540531
43,Myrtle Street Playground,City of Boston,A97,3,Back Bay/Beacon Hill,0.14766565,Opposite 28 Phillips Str.,Residential District,"Parks, Playgrounds & Athletic Fields",BPRD,Private+BPRD,X,X, ,DND,0,0,6432.430176,334.2819826
44,Louisburg Square,Private,A97,1,Back Bay/Beacon Hill,0.32409576,Adjacent to 35 St. James Str.,Residential District,"Malls, Squares & Plazas",NULL,DCR,N, , ,DND,0,0,14117.86157,596.0684784
45,State House Park,Commonwealth of Massachusetts,Ch114S7/A97,1,Back Bay/Beacon Hill,1.23870543,158 Walnut Avenue,Open Space District,"Malls, Squares & Plazas",NULL,BPRD,N,X, ,BPWD,0,0,53958.96777,987.8163573
46,Copley Square Park,City of Boston,A97,1,Back Bay/Beacon Hill,1.85428821,Opposite 227 Walnut Ave,Commercial/Office/Business District,"Malls, Squares & Plazas",BPRD, ,X,X, ,DND,0,0,80774.23193,1400.216411
47,Prudential Center Plaza I,Private,A97,1,Back Bay/Beacon Hill,1.0626591,Oppoiste 156 Humboldt Ave.,Special District,"Malls, Squares & Plazas",NULL,BPWD,N,X,Boylston Str. Plaza,BPWD,0,0,46290.25391,901.7771394
48,Clarendon Street Totlot,City of Boston,A97,3,Back Bay/Beacon Hill,0.33235436,Adjacent to 310 Walnut Ave.,Residential District,"Parks, Playgrounds & Athletic Fields",BPRD,Private+BPRD,X,X, ,DND,0,0,14108.89966,475.6489393
49,Somerset Street Plaza,Commonwealth of Massachusetts, ,1,Back Bay/Beacon Hill,0.93030039,345 Walnut Ave.,Special District,"Malls, Squares & Plazas",NULL,DCR,N,X, ,BPWD,0,0,29558.61206,854.7776967
50,DeFilippo Playground,City of Boston,A97,3,Central Boston,1.11555607,135 Prince Str.,Open Space District,"Parks, Playgrounds & Athletic Fields",BPRD,DCR,X,X, ,BPRD,0,0,48701.71021,969.026372
51,Copp's Hill Burying Ground,City of Boston,A97/NRHP/PR,4,Central Boston,1.98141665,Opposite 34 Hull Str.,Open Space District,Cemeteries & Burying Grounds,BPRD,BPRD,X,X, ,DND,0,0,86312.04443,1311.859349
52,Copp's Hill Terrace,City of Boston,A97/NRHP,1,Central Boston,0.61198844,536 Commericial Str.,Open Space District,"Malls, Squares & Plazas",BPRD,Private+BPRD,X,X, ,BPS,0,0,26658.69043,682.8574565
53,Foster Street Play Area,City of Boston,A97,3,Central Boston,0.10503572,61-74 Faneuil Str.,Open Space District,"Parks, Playgrounds & Athletic Fields",BPRD,DCR,X,X, ,PWD,0,0,4686.06958,298.4072573
54,Charter Street Park,City of Boston,A97,3,Central Boston,0.23534031,Opposite 26 Charter Str.,Open Space District,"Parks, Playgrounds & Athletic Fields",BPRD,Private+BPRD,X,X, ,DND,0,0,10397.58252,495.8211538
55,Paul Revere Mall,City of Boston,A97,1,Central Boston,0.78520749,Opposite 415 Hanover Str.,Open Space District,"Malls, Squares & Plazas",BPRD,BPWD,X,X,The Prado,BPWD,0,0,34204.24585,1027.832218
56,Polcari Park,City of Boston,A97,3,Central Boston,0.28857259,Opposite 44 Prince Str.,Open Space District,"Parks, Playgrounds & Athletic Fields",BPRD,Private+BPRD,X,X, ,DND,0,0,12570.44556,529.0431234
57,Cutillo Park,City of Boston,A97,3,Central Boston,0.28491861,Opposite 15 Stillman Str.,Open Space District,"Parks, Playgrounds & Athletic Fields",BPRD,BPRD,X,X, ,BPRD,0,0,12603.56885,505.5613495
58,City Hall Plaza,BRA,A97,1,Central Boston,5.93146518,61-74 Faneuil Str.,Open Space District,"Malls, Squares & Plazas",NULL,BPRD,X,X,City Hall Square,DND,0,0,261953.2056,2862.081899
59,Cardinal Cushing Park I,BRA,Ch114S7/A97,1,Central Boston,0.35,"IFO 15 New Chardon Street (""One Bowdoin Square"")",Open Space District,"Malls, Squares & Plazas",NULL,BPRD,N,X, ,DND,0,0,15275.91748,486.708447
60,Norman B. Leventhal Park,Private,A97,3,Central Boston,1.54521864,130 Congress Str.,Commercial/Office/Business District,"Parks, Playgrounds & Athletic Fields",BRA,Private+BPRD,X,X,Post Office Square Park,BPWD,0,0,67832.95117,1076.306888
61,Pemberton Square I,BRA,A97,1,Central Boston,0.18485239,467-487 Cummins Highway,Open Space District,"Malls, Squares & Plazas",NULL,DCR,N,X, ,BPWD,0,0,8052.312256,379.3178496
62,Pemberton Square II,City of Boston,A97,1,Central Boston,1.06216494,60 Smith Str.,Open Space District,"Malls, Squares & Plazas",NULL,BPRD,N,X, ,DND,0,0,46268.71875,1543.077362
63,Angell Memorial Square,City of Boston,A97,1,Central Boston,0.17663084,Congress Str.,Commercial/Office/Business District,"Malls, Squares & Plazas",BPRD,DCR,X,X, ,BPRD,0,0,7694.176514,390.1273121
64,Union Street Park I,BRA,A97,1,Central Boston,0.51,Between Union Street & Congress Street opposite City Hall,Open Space District,"Malls, Squares & Plazas",NULL,BPRD,X,X,Holocaust Mem./Curley Mem.,DND,0,0,22141.73022,908.9222011
65,Langone Park,City of Boston,A97/Ch91/WPA,3,Central Boston,2.34490795,529 Commercial Str.,Open Space District,"Parks, Playgrounds & Athletic Fields",BPRD,BPRD,X,X, ,DND,0,0,102146.0071,1559.905753
66,School Street Park,BRA,A97/NRHP/PR,1,Central Boston,0.08,Opposite 308 Washington St,Special District,"Malls, Squares & Plazas",NULL,Private+BPRD,N,X, ,BPWD,0,0,3257.80835,246.6347906
67,Prince Street Park,Commonwealth of Massachusetts,A97/NRHP,2,Central Boston,1.28,Adjacent to 35 St. James Str.,Open Space District,"Parkways, Reservations & Beaches",DCR,DCR,X,X, ,DND,0,0,55927.80835,2133.610245
68,Ausonia Plaza,BRA,A97,1,Central Boston,0.19623955,158 Walnut Avenue,Residential District,"Malls, Squares & Plazas",NULL,BPRD,N,X, ,BPWD,0,0,8548.346924,373.3214527
69,Rachel Revere Square,City of Boston,A97,1,Central Boston,0.07859187,Opposite 227 Walnut Ave,Open Space District,"Malls, Squares & Plazas",BPRD, ,X,X, ,DND,0,0,3500.370361,238.4433059
70,Tai Tung Park,City of Boston,A97,3,Central Boston,0.03323863,Oppoiste 156 Humboldt Ave.,Open Space District,"Parks, Playgrounds & Athletic Fields",BPRD,BPWD,X,X,Tai Tung Tot Lot,BPWD,0,0,1458.972656,185.3114135
71,Pine Street Park,BRA,A97,3,Central Boston,0.27166117,467-487 Cummins Highway,Residential District,"Parks, Playgrounds & Athletic Fields",NULL,Private+BPRD,N,X, ,BPRD,0,0,12309.17969,543.203011
72,Quincy Market Square,BRA,A97,1,Central Boston,1.56,60 Smith Str.,Commercial/Office/Business District,"Malls, Squares & Plazas",NULL,DCR,N,X,Quincy Market,DND,0,0,67903.14136,3500.21832
73,Winthrop Square,City of Boston,A97,1,Central Boston,0.15268647,10 Sewall Str.,Commercial/Office/Business District,"Malls, Squares & Plazas",NULL,DCR,N,X, ,BPS,0,0,6651.144531,339.1522751
74,Edwards Playground,City of Boston,Ch114S7/A97,3,Charlestown,1.34,28 Mozart Str.,Commercial/Office/Business District,"Parks, Playgrounds & Athletic Fields",BPRD,BPRD,X,X,McCarthy-Eden Plgd,PWD,0,0,58311.89233,1051.742739
75,City Square,Commonwealth of Massachusetts,A97,1,Charlestown,1.21,Oppoiste 156 Humboldt Ave.,Open Space District,"Malls, Squares & Plazas",DCR,Private+BPRD,X,X, ,DND,0,0,52650.46021,912.8265706
76,John Harvard Mall,City of Boston,A97,1,Charlestown,0.82977059,467-487 Cummins Highway,Residential District,"Malls, Squares & Plazas",BPRD,DCR,X,X, ,BPWD,0,0,36145.45044,934.5504796
77,Paul Revere Park,Commonwealth of Massachusetts,A97,2,Charlestown,6.40013027,60 Smith Str.,Open Space District,"Parkways, Reservations & Beaches",DCR,Private+BPRD,X,X, ,DND,0,0,278794.6121,2132.106147
78,Charlestown HS Athletic Fields,City of Boston,A97,3,Charlestown,10.42,10 Sewall Str.,Open Space District,"Parks, Playgrounds & Athletic Fields",NULL,BPWD,N,X,Little Mystic Harborwalk,DND,0,0,453734.6108,5785.193681
79,Ryan Playground,City of Boston,A97,3,Charlestown,8.78,62 Alford Street,Open Space District,"Parks, Playgrounds & Athletic Fields",BPRD,Private+BPRD,X,N, ,BPWD,0,0,382283.0789,2922.478713
80,Gardens for Charlestown,Private,A97/Ch91/WPA,5,Charlestown,0.36291476,467-487 Cummins Highway,Commercial/Office/Business District,Community Gardens,NULL,BPRD,N,X,Sullivan Sq. CG,DND,0,0,15808.84863,512.3737042
81,Barry Playground,City of Boston,A97/Ch91/WPA,3,Charlestown,3.32,60 Smith Str.,Open Space District,"Parks, Playgrounds & Athletic Fields",BPRD,BPRD,X,N, ,BPRD,0,0,154686.3945,1668.701864
82,Doherty Playground,City of Boston,A97/USH,3,Charlestown,3.02175616,349 Bunker Hill Str.,Residential District,"Parks, Playgrounds & Athletic Fields",BPRD,BPRD,X,X, ,DND,0,0,131630.0388,1912.387317
83,St Francis De Sales Cemetery,Private,A97/NRHP/PR,4,Charlestown,1.79538401,Oppoiste 156 Humboldt Ave.,Residential District,Cemeteries & Burying Grounds,NULL,Private+BPRD,N,X, ,DND,0,0,78208.3186,1357.770161
84,Bunker Hill Monument,United States of America,A97/NRHP,1,Charlestown,3.75283998,467-487 Cummins Highway,Residential District,"Malls, Squares & Plazas",National Park Service,DCR,X,N,Monument Sq.,BPWD,0,0,163476.616,1620.876188
85,Phipp's Street Burying Ground,City of Boston,A97,4,Charlestown,1.7478712,60 Smith Str.,Residential District,Cemeteries & Burying Grounds,BPRD,BPRD,X,X, ,DND,0,0,74996.573,1071.119256
86,Winthrop Square,City of Boston,A97,1,Charlestown,0.9,10 Sewall Str.,Residential District,"Malls, Squares & Plazas",BPRD,DCR,X,X,Training Field,BPRD,0,0,39238.9729,753.054851
87,Hayes Square,City of Boston,A97,1,Charlestown,0.17470544,Between Bunker Hill and Vine St.,Commercial/Office/Business District,"Malls, Squares & Plazas",BPRD,BPRD,X,X, ,DND,0,0,7610.304688,378.0561509
88,Charlestown Sprouts Garden,City of Boston,A97,5,Charlestown,0.48,Oppoiste 156 Humboldt Ave.,Open Space District,Community Gardens,NULL,BPRD,N,X, ,DND,0,0,20758.90381,558.926316
89,East Boston Memorial Park I,City of Boston,A97,3,East Boston,14.79060502,467-487 Cummins Highway,Open Space District,"Parks, Playgrounds & Athletic Fields",BPRD,Private+BPRD,X,N,Satori Stadium,BPWD,0,0,770074.5146,7044.28158
90,Noyes Playground,City of Boston,A97,3,East Boston,8.22374845,60 Smith Str.,Open Space District,"Parks, Playgrounds & Athletic Fields",BPRD,DCR,X,X, ,DND,0,0,358232.8516,2728.83885
91,Bayswater Street,Massport,Ch114S7/A97,6,East Boston,1.70395628,10 Sewall Str.,Special District,Urban Wilds & Natural Areas,Massport,BPRD,N,X, ,BPWD,0,0,74225.65723,3858.311085
92,Temple Ohabei Shalom Cemetery,Private,A97,4,East Boston,2.33948186,Opposite 227 Walnut Ave,Open Space District,Cemeteries & Burying Grounds,NULL, ,N,N, ,DND,0,0,101909.6421,1291.848112
93,Cuneo Park,City of Boston,A97,3,East Boston,0.23067238,Oppoiste 156 Humboldt Ave.,Residential District,"Parks, Playgrounds & Athletic Fields",BPRD,BPWD,X,N,Saratoga St. Play Area,BPWD,0,0,10048.26782,400.9301017
94,Bennington Street Cemetery,City of Boston,A97,4,East Boston,3.58974149,Adjacent to 310 Walnut Ave.,Open Space District,Cemeteries & Burying Grounds,BPRD,Private+BPRD,X,X, ,BPRD,0,0,156371.9194,1595.048628
95,American Legion Playground,City of Boston,A97,3,East Boston,3.38388095,345 Walnut Ave.,Open Space District,"Parks, Playgrounds & Athletic Fields",BPRD,DCR,X,X, ,DND,0,0,147249.7583,1538.690942
96,Prescott Square,City of Boston,A97,1,East Boston,0.27780017,Between Trenton and Eagle St.,Open Space District,"Malls, Squares & Plazas",BPRD,DCR,X,X, ,BPS,0,0,11965.5686,479.9503431
97,Putnam Square,City of Boston,A97/Ch91/WPA,1,East Boston,0.26354042,467-487 Cummins Highway,Open Space District,"Malls, Squares & Plazas",BPRD,BPRD,X,X, ,PWD,0,0,11622.74292,474.5940856
98,Paris Street Playground,City of Boston,A97,3,East Boston,0.79449789,60 Smith Str.,Open Space District,"Parks, Playgrounds & Athletic Fields",BPRD,Private+BPRD,X,X, ,DND,0,0,34608.94336,889.1724297
99,Brophy Park,City of Boston,A97,3,East Boston,0.77383094,Opposite 195 Webster Str.,Open Space District,"Parks, Playgrounds & Athletic Fields",BPRD,DCR,X,X,Belmont Square,BPWD,0,0,34084.66748,773.8729627
100,Sumner & Lamson Street Playground,City of Boston,A97,3,East Boston,0.48357588,Opposite 492 Sumner Str.,Open Space District,"Parks, Playgrounds & Athletic Fields",BPRD,Private+BPRD,X,X, ,DND,0,0,20849.09888,617.0921447
101,Joe Ciampa Garden,BNAN,Land Trust,5,East Boston,0.22171011,467-487 Cummins Highway,Open Space District,Community Gardens,NULL,BPWD,N,X,Marginal St. Gdns,DND,0,0,9784.936279,397.5641387
102,Condor Street Beach I,City of Boston,A97/LWCF/Ch91/W,6,East Boston,2.74,60 Smith Str.,Open Space District,Urban Wilds & Natural Areas,BCC,Private+BPRD,X,N, ,BPWD,0,0,119514.5769,1928.254293
103,Festa Field,Massport,A97/NRHP/PR,3,East Boston,0.99445051,467-487 Cummins Highway,Special District,"Parks, Playgrounds & Athletic Fields",Massport,BPRD,N,X, ,DND,0,0,43319.03442,841.5698101
104,Eagle Hill Memorial Park Garden,BNAN,A97/NRHP,5,East Boston,0.15315481,60 Smith Str.,Residential District,Community Gardens,NULL,BPRD,N,N, ,BPRD,0,0,6671.54248,326.935205
105,East Boston Greenway,City of Boston,A97,2,East Boston,2.61096403,144 Marginal Str.,Residential District,"Parkways, Reservations & Beaches",BPRD,BPRD,X,X, ,DND,0,0,152528.7354,5457.495376
106,Dom Savio Athletic Field,Private,A97,3,East Boston,3.11070765,Between Trenton and Eagle St.,Residential District,"Parks, Playgrounds & Athletic Fields",NULL,Private+BPRD,N,X, ,DND,0,0,135504.8342,1801.650829
107,Fenway Park Field,Private,A97,3,Fenway/Kenmore,2.78,467-487 Cummins Highway,Industrial District,"Parks, Playgrounds & Athletic Fields",NULL,DCR,N,N,Baseball Field at Fenway Park,BPWD,0,0,121268.3384,1376.70645
108,Symphony Community Park,City of Boston,A97,3,Fenway/Kenmore,0.49679593,60 Smith Str.,Commercial/Office/Business District,"Parks, Playgrounds & Athletic Fields",BPRD,BPRD,X,X,Morville Park,DND,0,0,20803.84082,777.0794678
109,Edgerly Road Playground,City of Boston,A97,3,Fenway/Kenmore,0.1081164,10 Sewall Str.,Special District,"Parks, Playgrounds & Athletic Fields",BPRD,DCR,X,X, ,DND,0,0,5366.225342,301.1043834
110,Symphony Road Garden,BNAN,A97,5,Fenway/Kenmore,0.29788615,28 Mozart Str.,Residential District,Community Gardens,NULL,BPRD,N,X, ,BPWD,0,0,12976.15186,492.4931045
111,Wentworth Field,Private,Ch114S7/A97,3,Fenway/Kenmore,2.98150699,467-487 Cummins Highway,Institutional District,"Parks, Playgrounds & Athletic Fields",NULL,BPRD,N,X, ,DND,0,0,129876.7534,1603.724621
112,Oscar Tugo Circle,City of Boston,A97,1,Fenway/Kenmore,0.05755321,60 Smith Str.,Residential District,"Malls, Squares & Plazas",NULL,Private+BPRD,N,N, ,BPRD,0,0,2507.058105,195.2533361
113,Commonwealth Avenue Mall II,City of Boston,A97,1,Fenway/Kenmore,0.98,"Commonwealth Ave btwn Charlesgate West & Kenmore St, nr Kenmore T Station",Residential District,"Malls, Squares & Plazas",BPRD,DCR,X,X,Commonwealth Ave Mall (west of Charlesgate),DND,0,0,42807.01831,1224.291643
114,Stony Brook Sewer Easement,Private,A97,1,Fenway/Kenmore,0.28868284,Between Trenton and Eagle St.,Residential District,"Malls, Squares & Plazas",NULL,BPRD,N,X,Forsyth School Path,,0,0,13623.46191,557.0197127
115,Harry Ellis Dickson Park,City of Boston,A97,1,Fenway/Kenmore,0.08351658,467-487 Cummins Highway,Commercial/Office/Business District,"Malls, Squares & Plazas",NULL, ,N,N, ,PWD,0,0,3649.33252,292.355414
116,Gallops Island,Commonwealth of Massachusetts,A97,2,Harbor Islands,25.09405975,Between Trenton and Eagle St.,Commercial/Office/Business District,"Parkways, Reservations & Beaches",DCR,BPWD,X,N, ,BPWD,0,0,1093116.677,5244.11469
117,Lovells Island,Commonwealth of Massachusetts,A97/Ch91/WPA,2,Harbor Islands,60.95521299,467-487 Cummins Highway,Commercial/Office/Business District,"Parkways, Reservations & Beaches",DCR,Private+BPRD,X,X, ,DND,0,0,2655256.282,9198.687669
118,Georges Island,Commonwealth of Massachusetts,A97/Ch91/WPA,2,Harbor Islands,40.45201012,60 Smith Str.,Commercial/Office/Business District,"Parkways, Reservations & Beaches",DCR,DCR,X,X, ,BPWD,0,0,1762120.89,5702.876008
119,Green Island,Commonwealth of Massachusetts,A97/Ch91/WPA,6,Harbor Islands,1.74734212,10 Sewall Str.,Commercial/Office/Business District,Urban Wilds & Natural Areas,DCR,DCR,X,X, ,BPRD,0,0,76115.57544,1091.095197
120,Little Calf Island,Commonwealth of Massachusetts,A97/Ch91/WPA,6,Harbor Islands,0.81175344,28 Mozart Str.,Commercial/Office/Business District,Urban Wilds & Natural Areas,DCR,BPRD,X,X, ,DND,0,0,35360.60889,742.3708988
121,Calf Island,Commonwealth of Massachusetts,A97/Ch91/WPA,6,Harbor Islands,22.42221171,Between Trenton and Eagle St.,Commercial/Office/Business District,Urban Wilds & Natural Areas,DCR,Private+BPRD,X,X, ,BPS,0,0,976728.9067,4398.551054
122,Outer Brewster Island,Commonwealth of Massachusetts,A97/Ch91/WPA,6,Harbor Islands,20.11554453,467-487 Cummins Highway,Commercial/Office/Business District,Urban Wilds & Natural Areas,DCR,DCR,X,X, ,PWD,0,0,876248.6975,4527.319948
123,Middle Brewster Island,Commonwealth of Massachusetts,A97/Ch91/WPA,6,Harbor Islands,13.64915484,61-74 Faneuil Str.,Commercial/Office/Business District,Urban Wilds & Natural Areas,DCR,Private+BPRD,X,X, ,DND,0,0,594567.7546,3861.635003
124,Great Brewster Island,Commonwealth of Massachusetts,A97/Ch91/WPA,6,Harbor Islands,23.93567723,Opposite 18 Ranlegh Rd.,Commercial/Office/Business District,Urban Wilds & Natural Areas,DCR,BPWD,X,X, ,BPWD,0,0,1042656.637,5473.604922
125,Shag Rocks,Commonwealth of Massachusetts,A97/Ch91/WPA,6,Harbor Islands,1.31981442,Opposite 381 Market Str.,Commercial/Office/Business District,Urban Wilds & Natural Areas,DCR,Private+BPRD,X,N, ,DND,0,0,57492.13794,1060.761266
126,Long Island,City of Boston,Ch91/WPA,2,Harbor Islands,225.1856664,Opposite 63 Chestnut Hill Ave,Commercial/Office/Business District,"Parkways, Reservations & Beaches",NULL,BPRD,N,X, ,BPRD,0,0,9809262.016,20824.59346
127,Little Brewster Island,United States of America,Ch91/WPA,6,Harbor Islands,3.12413852,Between Trenton and Eagle St.,Commercial/Office/Business District,Urban Wilds & Natural Areas,US Coast Guard,BPRD,N,N, ,DND,0,0,136089.8933,1664.731059
128,Thompson Island,Private,Land Trust,2,Harbor Islands,169.8727319,467-487 Cummins Highway,Commercial/Office/Business District,"Parkways, Reservations & Beaches",NULL,BPRD,N,X, ,DND,0,0,7399787.758,15923.2919
129,Rainsford Island,City of Boston,Ch91/WPA,2,Harbor Islands,21.6523638,Between Trenton and Eagle St.,Commercial/Office/Business District,"Parkways, Reservations & Beaches",NULL,Private+BPRD,N,X, ,BPWD,0,0,728999.9934,6827.78051
130,Deer Island,MWRA,Ch91/WPA,2,Harbor Islands,91.32779604,467-487 Cummins Highway,Commercial/Office/Business District,"Parkways, Reservations & Beaches",MWRA,DCR,N,N, ,BPWD,0,0,3978309.457,23526.77039
131,Moon Island,City of Boston,Ch91/WPA,2,Harbor Islands,54.08510359,60 Smith Str.,Open Space & Residential Districts,"Parkways, Reservations & Beaches",NULL,BPRD,N,X, ,DND,0,0,2355988.999,13367.59931
132,Connell Fields/Hickey Courts,Commonwealth of Massachusetts,A97,3,Hyde Park,4.1483742,10 Sewall Str.,Residential District,"Parks, Playgrounds & Athletic Fields",DCR,DCR,X,X,Smith Pond Playground,BPRD,0,0,731043.5374,3936.998764
133,Weider Park,Commonwealth of Massachusetts,A97,3,Hyde Park,6.91931115,28 Mozart Str.,Residential District,"Parks, Playgrounds & Athletic Fields",DCR,BPRD,X,X,Sherrin&Dale St.,DND,0,0,299833.9487,2275.150575
134,Monterey Hilltop I,City of Boston,A97,6,Hyde Park,4.12374269,Between Trenton and Eagle St.,Residential District,Urban Wilds & Natural Areas,BCC,BPRD,X,X, ,DND,0,0,182255.6443,2694.471146
135,Monterey Hilltop II,Private,A97/NRHP/PR,6,Hyde Park,0.10408992,467-487 Cummins Highway,Residential District,Urban Wilds & Natural Areas,NULL,Private+BPRD,N,N, ,BPWD,0,0,4961.452637,459.1980073
136,Sherrin Woods I,City of Boston,A97/NRHP,6,Hyde Park,23.81339751,Adjacent to 35 St. James Str.,Residential District,Urban Wilds & Natural Areas,BCC,DCR,X,X, ,DND,0,0,1043137.413,5549.270605
137,Oak Lawn Cemetery,Private,A97,4,Hyde Park,10.40684866,158 Walnut Avenue,Commercial/Office/Business District,Cemeteries & Burying Grounds,NULL,BPRD,N,X, ,BPWD,0,0,264782.5283,2409.177623
138,Doyle Playground,Commonwealth of Massachusetts,A97,3,Hyde Park,0.94486646,Opposite 227 Walnut Ave,Residential District,"Parks, Playgrounds & Athletic Fields",DCR, ,X,N, ,DND,0,0,41159.1145,1303.270731
139,Euclid Street,Private,A97,7,Hyde Park,3.84836232,Oppoiste 156 Humboldt Ave.,Industrial District,Urban Wilds & Natural Areas,NULL,BPWD,N,N,Neponset Field,BPWD,0,0,167637.6433,2010.745204
140,West Street,City of Boston,A97,6,Hyde Park,2.53280629,Adjacent to 310 Walnut Ave.,Industrial District,Urban Wilds & Natural Areas,BCC,Private+BPRD,X,X, ,BPRD,0,0,109132.3513,1403.209273
141,Dell Rock I,City of Boston,A97,6,Hyde Park,1.3,345 Walnut Ave.,Residential District,Urban Wilds & Natural Areas,BPRD,DCR,X,X, ,DND,0,0,56817.29688,1085.065951
142,Amatucci Playground,City of Boston,A97,3,Hyde Park,0.44867941,Opposite 1661 Hyde Park Ave.,Commercial/Office/Business District,"Parks, Playgrounds & Athletic Fields",BPRD,DCR,X,X, ,BPS,0,0,19544.82227,605.6692876
143,Moynihan Playground,Commonwealth of Massachusetts,Ch114S7/A97,3,Hyde Park,7.18571325,Between Trenton and Eagle St.,Residential District,"Parks, Playgrounds & Athletic Fields",DCR,BPRD,X,X, ,PWD,0,0,313015.2349,2601.677609
144,Iacono/Readville Playground,City of Boston,A97,3,Hyde Park,4.91402344,467-487 Cummins Highway,Residential District,"Parks, Playgrounds & Athletic Fields",BPRD,Private+BPRD,X,X, ,DND,0,0,214058.6669,2079.802464
145,Camp Meigs,Commonwealth of Massachusetts,A97,3,Hyde Park,2.86583949,Opposite 131 Williams Ave.,Residential District,"Parks, Playgrounds & Athletic Fields",DCR,DCR,X,X, ,BPWD,0,0,124838.1882,1506.556423
146,Jeremiah Hurley Memorial Park,City of Boston,A97,1,Hyde Park,0.07,0 (Zero) Wolcott Square,Commercial/Office/Business District,"Malls, Squares & Plazas",BPRD,Private+BPRD,X,X,Wolcott Square,DND,0,0,3178.469727,251.5825715
147,Stony Brook Recreation Complex,Commonwealth of Massachusetts,A97,3,Hyde Park,27.39,Corner Turtle Pond Parkway & River Street,Residential District,"Parks, Playgrounds & Athletic Fields",DCR,BPWD,X,X,Kelly/Factory Hill (Lawler)/Bajko/Olsen,BPWD,0,0,1193277.176,5359.043288
148,Williams Square,City of Boston,A97,1,Hyde Park,0.03805675,Opposite 131 Williams Ave.,Residential District,"Malls, Squares & Plazas",BPRD,Private+BPRD,X,N, ,DND,0,0,1657.782471,190.5413516
149,Dana Avenue Urban Wild I,Commonwealth of Massachusetts,A97/Ch91/WPA,6,Hyde Park,0.81968055,Between Trenton and Eagle St.,Industrial District,Urban Wilds & Natural Areas,DCR,BPRD,X,X, ,BPRD,0,0,33855.79077,1276.893306
150,Pleasant View I,City of Boston,A97/Ch91/WPA,6,Hyde Park,0.07,467-487 Cummins Highway,Commercial/Office/Business District,Urban Wilds & Natural Areas,NULL,BPRD,N,N, ,DND,0,0,3112.562744,235.6281428
151,Pleasant View II,Private,A97/Ch91/WPA,6,Hyde Park,0.17,60 Smith Str.,Commercial/Office/Business District,Urban Wilds & Natural Areas,NULL,BPRD,N,X, ,DND,0,0,7441.676514,502.6284969
152,Mother Brook Reservation,Commonwealth of Massachusetts,A97/Ch91/WPA,2,Hyde Park,30.39060995,10 Sewall Str.,Residential District,"Parkways, Reservations & Beaches",DCR,Private+BPRD,X,X,Mill Pond Reservation,BPWD,0,0,1323838.504,8917.915798
153,Oak Lawn Golf Range,Private,A97/Ch91/WPA,7,Hyde Park,22.92,467-487 Cummins Highway,Commercial/Office/Business District,"Parks, Playgrounds & Athletic Fields",NULL,DCR,N,N,Barry's Quarry,BPWD,0,0,998466.1306,5211.898821
154,Mission Hill Playground,City of Boston,A97/Ch91/WPA,3,Jamaica Plain,2.68681793,60 Smith Str.,Open Space District,"Parks, Playgrounds & Athletic Fields",BPRD,BPRD,X,X,Sheehy-Smith Playground,DND,0,0,117039.8704,1538.126335
155,Gibbons Playground,City of Boston,Ch91/WPA,3,Jamaica Plain,0.11,10 Sewall Str.,Open Space District,"Parks, Playgrounds & Athletic Fields",BPRD,DCR,X,X,Delle Avenue Playground,BPRD,0,0,4569.105957,285.6776346
156,Mozart Street Playground,City of Boston,Ch91/WPA,3,Jamaica Plain,0.8062696,28 Mozart Str.,Open Space District,"Parks, Playgrounds & Athletic Fields",BPRD,BPRD,X,X,Holland Plgd,DND,0,0,35121.72852,768.1724628
157,Paul Gore/Beecher Street Garden,BNAN,Land Trust,5,Jamaica Plain,0.50768117,Between Trenton and Eagle St.,Open Space District,Community Gardens,NULL,BPRD,N,X, ,DND,0,0,22114.98535,630.8370748
158,Beecher Street Play Area,City of Boston,Ch91/WPA,3,Jamaica Plain,0.1742426,467-487 Cummins Highway,Open Space District,"Parks, Playgrounds & Athletic Fields",BPRD,Private+BPRD,X,N, ,BPWD,0,0,7590.143066,362.7745004
159,South Street Courts,City of Boston,Ch91/WPA,3,Jamaica Plain,0.33823302,Adjacent to 35 St. James Str.,Open Space District,"Parks, Playgrounds & Athletic Fields",BPRD,DCR,X,X, ,DND,0,0,14640.1731,484.2312556
160,Murphy Playground,City of Boston,Ch91/WPA,3,Jamaica Plain,2.59767464,158 Walnut Avenue,Open Space District,"Parks, Playgrounds & Athletic Fields",NULL,BPRD,N,X, ,BPWD,0,0,110805.9307,1666.946957
161,Lawrence Farm,Private,A97,6,Jamaica Plain,41.7049113,Opposite 227 Walnut Ave,Conservation Protection Subdistrict,Urban Wilds & Natural Areas,Trustees of Reservations,Private,X,N,Allandale Farm,DND,0,0,1792884.035,6409.127426
162,Soldier's Monument,City of Boston,A97,1,Jamaica Plain,0.13268804,Oppoiste 156 Humboldt Ave.,Open Space District,"Malls, Squares & Plazas",BPRD,BPWD,X,N, ,BPWD,0,0,5779.992676,344.4825198
163,Forbes Street Garden,BNAN,A97,5,Jamaica Plain,0.37078302,Adjacent to 310 Walnut Ave.,Residential District,Community Gardens,NULL,Private+BPRD,N,X, ,BPRD,0,0,16151.5957,521.0428546
164,Tobin Community Center Garden,City of Boston,A97/NRHP/PR,5,Jamaica Plain,0.2966297,Opposite 227 Walnut Ave,Institutional District,Community Gardens,NULL,DCR,N,X, ,DND,0,0,12921.41968,493.0239346
165,English H.S. Athletic Fields,City of Boston,A97/NRHP,3,Jamaica Plain,7.63320583,Oppoiste 156 Humboldt Ave.,Open Space District,"Parks, Playgrounds & Athletic Fields",NULL,DCR,N,X, ,BPS,0,0,332508.3577,3592.43958
166,Johnson Park II,City of Boston,A97,3,Jamaica Plain,0.17063559,Adjacent to 310 Walnut Ave.,Open Space District,"Parks, Playgrounds & Athletic Fields",NULL,BPRD,N,X, ,PWD,0,0,7433.016357,567.2906561
167,Johnson Park I,Commonwealth of Massachusetts,A97,3,Jamaica Plain,2.60085765,345 Walnut Ave.,Open Space District,"Parks, Playgrounds & Athletic Fields",DCR,Private+BPRD,X,X, ,DND,0,0,113295.3721,1467.485404
168,Mahoney Square,City of Boston,A97,1,Jamaica Plain,0.06021515,467-487 Cummins Highway,Commercial/Office/Business District,"Malls, Squares & Plazas",BPRD,DCR,X,X,"Hyde Sq., Centre Square",BPWD,0,0,2623.019775,181.5562788
169,Hellenic College Athletic Field,Private,A97,3,Jamaica Plain,3.40660796,60 Smith Str.,Conservation Protection Subdistrict,"Parks, Playgrounds & Athletic Fields",NULL,Private+BPRD,N,X, ,DND,0,0,148394.4807,1655.393823
170,Hellenic Hill I,Private,100/GPOD,6,Jamaica Plain,17.69531095,Opposite 18 Ranlegh Rd.,Conservation Protection Subdistrict,Urban Wilds & Natural Areas,NULL,BPWD,N,X, ,BPWD,0,0,770821.4495,6658.025662
171,Back of the Hill,City of Boston,A97,6,Jamaica Plain,3.71620564,Opposite 381 Market Str.,Open Space District,Urban Wilds & Natural Areas,BCC,Private+BPRD,X,N, ,DND,0,0,161880.7971,2635.591962
172,Hall/Boynton Street Garden,MBTA,A97,5,Jamaica Plain,0.13731616,467-487 Cummins Highway,Open Space District,Community Gardens,NULL,BPRD,N,X, ,BPRD,0,0,5981.598877,324.6646674
173,Anson Street Garden,MBTA,A97,5,Jamaica Plain,0.16933221,60 Smith Str.,Open Space District,Community Gardens,NULL,BPRD,N,N, ,DND,0,0,7376.242676,531.4385675
174,Thetford/Evans Playground,City of Boston,A97,3,Mattapan,0.68,10 Sewall Str.,Residential District,"Parks, Playgrounds & Athletic Fields",BPRD,BPRD,X,X, ,DND,0,0,29759.88403,699.9295441
175,Woodhaven,City of Boston,A97,6,Mattapan,1.1823713,28 Mozart Str.,Residential District,Urban Wilds & Natural Areas,BCC,Private+BPRD,X,X, ,BPWD,0,0,53250.93018,931.4803594
176,Gladeside I,City of Boston,A97/WPA,6,Mattapan,10.3057581,Opposite 227 Walnut Ave,Open Space District,Urban Wilds & Natural Areas,BCC,DCR,X,N, ,BPWD,0,0,448208.8682,3495.07022
177,Willowwood Rock,City of Boston,A97,6,Mattapan,0.53229858,Oppoiste 156 Humboldt Ave.,Open Space District,Urban Wilds & Natural Areas,BCC,BPRD,X,X, ,DND,0,0,24342.15112,683.5947723
178,Gladeside II,Private,A97/Ch91/WPA,6,Mattapan,0.89854126,Adjacent to 310 Walnut Ave.,Residential District,Urban Wilds & Natural Areas,NULL,DCR,N,X, ,BPRD,0,0,39141.15356,919.3922109
179,Blue Hill Rock,BHA,A97/Ch91/WPA,6,Mattapan,0.4499289,345 Walnut Ave.,Residential District,Urban Wilds & Natural Areas,NULL,BPRD,N,X, ,DND,0,0,19599.25195,603.2684396
180,Msgr. Francis A. Ryan Park,Commonwealth of Massachusetts,A97/Ch91/WPA,3,Mattapan,6.14129551,467-487 Cummins Highway,Open Space District,"Parks, Playgrounds & Athletic Fields",DCR,BPRD,X,X, ,DND,0,0,267519.5898,2585.464693
181,Franklin Field BHA Garden,City of Boston,A97/Ch91/WPA,5,Mattapan,0.43377787,60 Smith Str.,Residential District,Community Gardens,NULL,Private+BPRD,N,N, ,BPWD,0,0,4193.961182,491.8876898
182,ReVision House Urban Farm #1,Private,A97/Ch91/WPA,5,Mattapan,0.35190856,Adjacent to 35 St. James Str.,Residential District,Community Gardens,NULL,DCR,N,X, ,DND,0,0,15329.42627,509.8716316
183,Lucerne/Balsam Street Garden,BNAN,Ch91/WPA,5,Mattapan,0.22551695,158 Walnut Avenue,Open Space District,Community Gardens,NULL,BPRD,N,X, ,BPWD,0,0,9823.693604,396.3476369
184,Walker Playground,City of Boston,Ch91/WPA,3,Mattapan,5.9534334,Opposite 227 Walnut Ave,Commercial/Office/Business District,"Parks, Playgrounds & Athletic Fields",BPRD, ,X,N, ,DND,0,0,259336.1689,2437.938938
185,Kennedy Playground,Commonwealth of Massachusetts,Land Trust,3,Mattapan,0.26002942,Oppoiste 156 Humboldt Ave.,Open Space District,"Parks, Playgrounds & Athletic Fields",DCR,BPWD,X,N,Charles Plgd,BPWD,0,0,11327.08301,485.6682052
186,Forest Hills Cemetery,Private,Ch91/WPA,4,Roslindale,243.7323322,Adjacent to 310 Walnut Ave.,Open Space District,Cemeteries & Burying Grounds,NULL,Private+BPRD,N,X, ,BPRD,0,0,10617169.15,17024.88681
187,Walter Street Cemetery,City of Boston,Ch91/WPA,4,Roslindale,0.8659424,Opposite 227 Walnut Ave,Open Space District,Cemeteries & Burying Grounds,BPRD,DCR,X,X, ,DND,0,0,37517.5957,872.9201378
188,Weld Hill Tract,Private,Ch91/WPA,3,Roslindale,14.11,Oppoiste 156 Humboldt Ave.,Conservation Protection Subdistrict,"Parks, Playgrounds & Athletic Fields",NULL,DCR,N,X,"Walter Street Tract, Arnold Arboretum",BPS,0,0,614572.6064,4031.630048
189,Pagel Playground,City of Boston,A97,3,Roslindale,2.72504189,Adjacent to 310 Walnut Ave.,Open Space District,"Parks, Playgrounds & Athletic Fields",BPRD,BPRD,X,X, ,PWD,0,0,118355.5286,1652.934228
190,Parkman Playground,City of Boston,A97,3,Roslindale,2.06809445,345 Walnut Ave.,Open Space District,"Parks, Playgrounds & Athletic Fields",BPRD,Private+BPRD,X,X, ,DND,0,0,90087.79614,1277.674777
191,Leland Street Herb Garden,BNAN,A97,5,Roslindale,0.25911714,467-487 Cummins Highway,Open Space District,Community Gardens,NULL,DCR,N,X, ,BPWD,0,0,10828.18628,422.6515674
192,Fallon Field,City of Boston,A97/NRHP/PR,3,Roslindale,7.51145116,60 Smith Str.,Residential District,"Parks, Playgrounds & Athletic Fields",BPRD,Private+BPRD,X,X, ,DND,0,0,327204.6292,2373.302908
193,Poplar Street Play Area,City of Boston,A97/NRHP,3,Roslindale,0.44211382,Opposite 238 Poplar St.,Open Space District,"Parks, Playgrounds & Athletic Fields",BPRD,BPWD,X,X,Hillside Play Area,BPWD,0,0,18995.99316,613.585566
194,Southwest Boston Garden Club,MBTA,A97,5,Roslindale,1.52021643, ,Residential District,Community Gardens,NULL,Private+BPRD,N,N, ,DND,0,0,66221.81226,1075.033534
195,Delano Park,City of Boston,A97,1,Roslindale,0.20637203,467-487 Cummins Highway,Open Space District,"Malls, Squares & Plazas",NULL,BPRD,N,X, ,BPRD,0,0,8989.725342,1290.860107
196,Toll Gate Cemetery,Private,A97,4,Roslindale,0.90478525,60 Smith Str.,Open Space District,Cemeteries & Burying Grounds,NULL,BPRD,N,N, ,DND,0,0,39413.14624,1135.123985
197,Forest Hills Rotary,Commonwealth of Massachusetts,A97,1,Roslindale,0.69082163,10 Sewall Str.,Open Space District,"Malls, Squares & Plazas",DCR,BPRD,X,N, ,BPWD,0,0,30092.71899,615.1986228
198,Whittier Playground,City of Boston,A97/Ch91/WPA,3,Roxbury,0.27550283,28 Mozart Str.,Open Space District,"Parks, Playgrounds & Athletic Fields",NULL,Private+BPRD,N,X, ,DND,0,0,12001.11694,461.2216354
199,Dudley Town Common,City of Boston,A97/Ch91/WPA,1,Roxbury,0.62004086,Opposite 131 Williams Ave.,Commercial/Office/Business District,"Malls, Squares & Plazas",BPRD,DCR,X,X, ,BPWD,0,0,26879.85522,966.1750463
200,King Street Play Area,City of Boston,A97/Ch91/WPA,3,Roxbury,0.13046695,0 (Zero) Wolcott Square,Open Space District,"Parks, Playgrounds & Athletic Fields",George Robert White Fund,BPRD,N,X,Play Area #4,BPRD,0,0,5457.454102,307.7420564
201,Jeep Jones Park,City of Boston,A97/Ch91/WPA,3,Roxbury,1.82,221 Roxbury Str.,Open Space District,"Parks, Playgrounds & Athletic Fields",BPRD,DCR,X,X, ,DND,0,0,79196.28394,1230.883514
202,Linwood Park,City of Boston,A97/Ch91/WPA,1,Roxbury,0.07383864,1 Linwood Park/Opp. 75 Centre St.,Open Space District,"Malls, Squares & Plazas",BPRD,BPRD,X,X, ,BPS,0,0,3216.469482,209.0729225
203,Alvah Kittredge Park,City of Boston,Ch91/WPA,1,Roxbury,0.11595123,Linwood Str.,Open Space District,"Malls, Squares & Plazas",BPRD,BPRD,X,X, ,PWD,0,0,5058.857666,339.5638221
204,Rockledge Street Urban Wild,City of Boston,Ch91/WPA,6,Roxbury,0.53148566,Opposite 131 Williams Ave.,Open Space District,Urban Wilds & Natural Areas,BCC,Private+BPRD,X,X, ,DND,0,0,22372.56201,725.3298247
205,St James Street Park,City of Boston,Land Trust,3,Roxbury,0.38489331,0 (Zero) Wolcott Square,Open Space District,"Parks, Playgrounds & Athletic Fields",BPRD,DCR,X,X, ,BPWD,0,0,17115.81567,562.3330272
207,Malcolm X Park I,City of Boston,Ch91/WPA,3,Roxbury,13.86,158 Walnut Avenue,Open Space District,"Parks, Playgrounds & Athletic Fields",BPRD,BPRD,X,X,Washington Park,DND,0,0,603668.6248,3913.974322
208,Horatio Harris Park,City of Boston,Ch91/WPA,3,Roxbury,2.52189718,Opposite 227 Walnut Ave,Open Space District,"Parks, Playgrounds & Athletic Fields",BPRD, ,X,X, ,BPRD,0,0,109855.7944,1301.216603
209,Trotter School Playground,City of Boston,Ch91/WPA,3,Roxbury,1.24398438,Oppoiste 156 Humboldt Ave.,Open Space District,"Parks, Playgrounds & Athletic Fields",BPRD,BPWD,X,X, ,DND,0,0,54188.92358,957.7365162
210,Crawford Street Playground,City of Boston,A97,3,Roxbury,1.72194396,Adjacent to 310 Walnut Ave.,Open Space District,"Parks, Playgrounds & Athletic Fields",BPRD,Private+BPRD,X,X, ,DND,0,0,111840.8787,2109.877378
211,Msgr. John Roussin Park,City of Boston,A97,3,Roxbury,0.3170537,Opposite 227 Walnut Ave,Open Space District,"Parks, Playgrounds & Athletic Fields",BPRD,DCR,X,X,"Father Jack Play Area, Walnut Street Play Area",BPWD,0,0,13926.25244,460.822956
212,Flaherty Playground,City of Boston,A97,3,Roxbury,1.31078198,Oppoiste 156 Humboldt Ave.,Open Space District,"Parks, Playgrounds & Athletic Fields",BPRD,DCR,X,X,Cornwall,BPRD,0,0,57098.67847,958.9864366
213,Marcella Playground,City of Boston,A97/NRHP/PR,3,Roxbury,5.08980387,Adjacent to 310 Walnut Ave.,Open Space District,"Parks, Playgrounds & Athletic Fields",BPRD,BPRD,X,X, ,DND,0,0,221715.7986,1831.127177
214,Highland Park,City of Boston,A97/NRHP,3,Roxbury,3.63253278,345 Walnut Ave.,Open Space District,"Parks, Playgrounds & Athletic Fields",BPRD,Private+BPRD,X,X, ,BPS,0,0,158235.9409,1557.901238
215,Cedar Square,City of Boston,A97,3,Roxbury,0.62313931,467-487 Cummins Highway,Open Space District,"Parks, Playgrounds & Athletic Fields",BPRD,DCR,X,X, ,PWD,0,0,26816.5144,653.3418109
216,Cedar Street Garden II,BRA,A97,5,Roxbury,0.07601427,60 Smith Str.,Open Space District,Community Gardens,NULL,Private+BPRD,N,N, ,DND,0,0,3419.725098,259.0593171
217,Cedar Street Garden I,City of Boston,A97,5,Roxbury,0.41746058,Opposite 18 Ranlegh Rd.,Open Space District,Community Gardens,NULL,BPWD,N,X, ,BPWD,0,0,19192.27222,749.5882885
218,Margaret Wright Memorial Garden,Community Group/Nonprofit,A97,5,Roxbury,0.13337245,Opposite 381 Market Str.,Residential District,Community Gardens,NULL,Private+BPRD,N,N, ,DND,0,0,5809.807617,306.0675891
219,Elm Hill Park,City of Boston,A97,1,Roxbury,0.117909,Opposite 63 Chestnut Hill Ave,Open Space District,"Malls, Squares & Plazas",BPRD,BPRD,X,X, ,BPRD,0,0,5136.206787,573.2343641
220,Quincy Street Play Area,City of Boston,A97,3,Roxbury,0.53142047,Opposite 70 Quincy Str.,Open Space District,"Parks, Playgrounds & Athletic Fields",BPRD,BPRD,X,X, ,DND,0,0,23784.83032,619.2238082
221,Savin/Maywood Street Garden,BNAN,Land Trust,5,Roxbury,0.46294139,Opposite 131 Williams Ave.,Open Space District,Community Gardens,NULL,BPRD,N,N, ,DND,0,0,20166.08545,604.0650848
222,Howes Playground,City of Boston,A97,3,Roxbury,1.89,0 (Zero) Wolcott Square,Open Space District,"Parks, Playgrounds & Athletic Fields",BPRD,Private+BPRD,X,X,Gertrude Howes Plgd,BPWD,0,0,82441.0481,1206.928744
223,Little Scobie Playground,City of Boston,A97,3,Roxbury,0.79435599,Between Dunreath & Copeland Str.,Open Space District,"Parks, Playgrounds & Athletic Fields",BPRD,DCR,X,X, ,DND,0,0,34602.76294,802.4061507
224,Erie/Ellington Playground,City of Boston,A97,3,Roxbury,0.3743838,Corner of Ellington and Erie,Open Space District,"Parks, Playgrounds & Athletic Fields",BPRD,BPRD,X,X, ,DND,0,0,16139.21533,584.7439187
225,Puddingstone Park,City of Boston,A97,3,Roxbury,0.55,Opposite 331 Seaver Str.,Open Space District,"Parks, Playgrounds & Athletic Fields",BPRD,DCR,X,X, ,BPWD,0,0,23879.14233,652.1219147
226,Edna V. Bynoe Park,City of Boston,A97,3,Roxbury,2.67,Between Orchard Park & Adams St.,Open Space District,"Parks, Playgrounds & Athletic Fields",BPRD,BPRD,X,N,Orchard Park,DND,0,0,116521.5037,1417.627106
227,John Eliot Square,City of Boston,Ch91/WPA,1,Roxbury,0.07440906,Opposite 131 Williams Ave.,Residential District,"Malls, Squares & Plazas",NULL,BPRD,N,X, ,PWD,0,0,5771.496826,407.8489306
228,St. Monica's,Private,A97,6,Roxbury,0.61903157,0 (Zero) Wolcott Square,Residential District,Urban Wilds & Natural Areas,NULL,Private+BPRD,N,X, ,DND,0,0,26965.49463,769.2257396
229,Buena Vista,City of Boston,A97,6,Roxbury,1.34549904,Adjacent to 35 St. James Str.,Open Space District,Urban Wilds & Natural Areas,BCC,DCR,X,N,Gendrot Trust,BPWD,0,0,64366.50928,989.821796
230,St. Joseph's Garden,Private,A97,5,Roxbury,0.2024447,158 Walnut Avenue,Open Space District,Community Gardens,NULL,BPRD,N,N, ,DND,0,0,8818.647949,375.9798504
231,Granada Park Garden,BNAN,A97/NRHP/PR,5,Roxbury,0.29974302,Opposite 227 Walnut Ave,Residential District,Community Gardens,NULL, ,N,X, ,DND,0,0,13307.43921,510.4564462
232,Egleston Community Garden,Private,A97/NRHP,5,Roxbury,0.24067093,Oppoiste 156 Humboldt Ave.,Residential District,Community Gardens,NULL,BPWD,N,X, ,BPWD,0,0,10483.8125,442.2616535
233,Waldren Road Garden,City of Boston,A97,5,Roxbury,0.09203198,Adjacent to 310 Walnut Ave.,Residential District,Community Gardens,NULL,Private+BPRD,N,X, ,DND,0,0,4172.318115,259.2238811
234,The Food Project Lot #1A,City of Boston,A97,5,Roxbury,0.41,Opposite 227 Walnut Ave,Residential District,Community Gardens,NULL,DCR,N,X, ,PWD,0,0,18009.21582,956.0608159
235,Winthrop Street Garden,BNAN,A97,5,Roxbury,0.1112406,Oppoiste 156 Humboldt Ave.,Open Space District,Community Gardens,NULL,DCR,N,X, ,DND,0,0,4845.727051,293.0176562
236,Madison Park H.S. Athletic Fields,City of Boston,A97,3,Roxbury,9.60564824,Adjacent to 310 Walnut Ave.,Institutional District,"Parks, Playgrounds & Athletic Fields",NULL,BPRD,N,X, ,BPWD,0,0,418429.4543,2583.946265
237,Nuestra Playground,BNAN,100/GPOD,3,Roxbury,0.23341849,345 Walnut Ave.,Open Space District,"Parks, Playgrounds & Athletic Fields",NULL,Private+BPRD,N,X, ,DND,0,0,10022.42773,406.7570084
238,Dennis Street Park,City of Boston,A97,3,Roxbury,0.4160878,467-487 Cummins Highway,Residential District,"Parks, Playgrounds & Athletic Fields",BPRD,DCR,X,X,Moreland Green,PWD,0,0,29863.61865,735.3686277
239,Holborn Street Playlot,City of Boston,A97,3,Roxbury,0.1,60 Smith Str.,Residential District,"Parks, Playgrounds & Athletic Fields",BPRD,Private+BPRD,X,N, ,DND,0,0,4519.354004,277.1445318
240,Medal of Honor Park,City of Boston,A97,1,South Boston,6.18269328,Opposite 805 East Broadway,Residential District,"Malls, Squares & Plazas",BPRD,BPWD,X,X, ,BPWD,0,0,269322.9077,2137.998994
241,Christopher Lee Playground,City of Boston,A97,3,South Boston,5.43798868,Opposite 131 Williams Ave.,Residential District,"Parks, Playgrounds & Athletic Fields",BPRD,Private+BPRD,X,N,M Street Plgd,DND,0,0,236882.998,2251.534338
242,Hawes Burying Ground,City of Boston,A97,4,South Boston,0.25082368,0 (Zero) Wolcott Square,Residential District,Cemeteries & Burying Grounds,BPRD,BPRD,X,N, ,BPRD,0,0,10926.07397,418.947879
243,Union Burying Ground,City of Boston,A97/WPA,4,South Boston,0.12115745,Opposite 655 East Fifth Str.,Residential District,Cemeteries & Burying Grounds,BPRD,BPRD,X,X, ,DND,0,0,5277.712891,311.7954631
244,Dorchester Heights NHS,United States of America,A97,1,South Boston,4.40398348,23 Everett Str.,Residential District,"Malls, Squares & Plazas",National Park Service,BPRD,X,X,Thomas Park/Telegraph Hill,DND,0,0,191840.9309,1787.912991
245,Flaherty Park,City of Boston,A97/Ch91/WPA,3,South Boston,0.2522215,Opposite 133 B Str.,Open Space District,"Parks, Playgrounds & Athletic Fields",BPRD,Private+BPRD,X,X, ,BPWD,0,0,10978.14746,420.6724611
246,Buckley Playground,City of Boston,A97/Ch91/WPA,3,South Boston,0.65561916,Opposite 209 West Third Str.,Open Space District,"Parks, Playgrounds & Athletic Fields",BPRD,DCR,X,X, ,DND,0,0,28291.42383,766.8802101
247,Sterling Square,BHA,A97/Ch91/WPA,1,South Boston,1.0387651,10 Sewall Str.,Residential District,"Malls, Squares & Plazas",NULL,BPRD,N,X, ,BPWD,0,0,45249.41309,1378.571668
248,Veterans Memorial Park,BHA,A97/Ch91/WPA,3,South Boston,0.20177296,23 Everett Str.,Residential District,"Parks, Playgrounds & Athletic Fields",NULL,DCR,N,X, ,DND,0,0,29567.35352,690.5478587
249,Ronan Park,City of Boston,A97/Ch91/WPA,3,Dorchester,11.27463098,Opposite 65 Mt. Ida Road,Residential District,"Parks, Playgrounds & Athletic Fields",BPRD,BPRD,X,X, ,BPWD,0,0,489640.9001,3299.81232
250,Mt. Bowdoin Green,City of Boston,Ch91/WPA,1,Dorchester,0.53817884,Opposite 11 Bowdoin Ave.,Residential District,"Malls, Squares & Plazas",BPRD,BPRD,X,X, ,DND,0,0,23443.48657,598.7433835
251,Byrne Playground,City of Boston,Ch91/WPA,3,Dorchester,1.26302622,23 Everett Str.,Residential District,"Parks, Playgrounds & Athletic Fields",BPRD,Private+BPRD,X,X, ,BPRD,0,0,51774.04736,1032.823501
252,Doherty/Gibson Playground,City of Boston,Land Trust,3,Dorchester,5.72627282,10 Sewall Str.,Open Space District,"Parks, Playgrounds & Athletic Fields",BPRD,DCR,X,X,Townfield,DND,0,0,249440.8799,2054.531915
253,Wellesley Park,City of Boston,Ch91/WPA,3,Dorchester,0.71338629,29 Wellesley Park,Residential District,"Parks, Playgrounds & Athletic Fields",BPRD,BPRD,X,X, ,DND,0,0,31075.66089,922.1171971
254,McMorrow Playground,Commonwealth of Massachusetts,Ch91/WPA,3,Dorchester,5.23186736,23 Everett Str.,Industrial District,"Parks, Playgrounds & Athletic Fields",DCR,BPRD,X,X, ,BPWD,0,0,227904.1941,2377.886746
255,Hemenway Playground,City of Boston,Ch91/WPA,3,Dorchester,4.39521048,531 Adams Str.,Residential District,"Parks, Playgrounds & Athletic Fields",BPRD,DCR,X,X, ,BPRD,0,0,191458.772,1754.859592
256,Rev. Loesch Family Park,City of Boston,A97,3,Dorchester,2.25259606,Opposite 21 Wainwright Str.,Residential District,"Parks, Playgrounds & Athletic Fields",BPRD,BPRD,X,X,Cronin/Wainwright Park,DND,0,0,98078.55444,1250.417888
257,Codman Burying Ground,Private,A97,4,Dorchester,2.62522784,Opposite 227 Walnut Ave,Residential District,Cemeteries & Burying Grounds,NULL,DCR,N,N, ,BPS,0,0,114356.9583,1365.334319
258,Walsh Playground,City of Boston,A97,3,Dorchester,6.94564498,Oppoiste 156 Humboldt Ave.,Residential District,"Parks, Playgrounds & Athletic Fields",BPRD,DCR,X,X, ,DND,0,0,302557.6758,2368.69031
259,Dorchester South Burying Ground,City of Boston,A97/NRHP/PR,4,Dorchester,1.94260591,Adjacent to 310 Walnut Ave.,Open Space District,Cemeteries & Burying Grounds,BPRD,BPRD,X,N, ,BPWD,0,0,84621.41895,1264.469344
260,Dorchester Park,City of Boston,A97/Ch91/WPA,3,Dorchester,27.29735362,345 Walnut Ave.,Open Space District,"Parks, Playgrounds & Athletic Fields",BPRD,Private+BPRD,X,X, ,DND,0,0,1189093.864,6480.995753
261,Gallivan/Hallet Circle,Commonwealth of Massachusetts,A97/Ch91/WPA,1,Dorchester,0.47798957,467-487 Cummins Highway,Commercial/Office/Business District,"Malls, Squares & Plazas",DCR,DCR,X,X, ,PWD,0,0,20821.59619,688.441615
262,Toohig Playground,Commonwealth of Massachusetts,Ch91/WPA,3,Dorchester,2.12423446,60 Smith Str.,Residential District,"Parks, Playgrounds & Athletic Fields",DCR,Private+BPRD,X,N, ,DND,0,0,92533.2981,1568.732488
263,Martin/Hilltop Playground,City of Boston,Ch91/WPA,3,Dorchester,1.31193964,101 Myrtlebank Ave.,Residential District,"Parks, Playgrounds & Athletic Fields",BPRD,BPWD,X,X, ,BPWD,0,0,57233.6875,997.6900525
264,Nightingale Garden,BNAN,Land Trust,5,Dorchester,1.37139983,Adjacent to 35 St. James Str.,Residential District,Community Gardens,NULL,Private+BPRD,N,X, ,DND,0,0,59739.2395,1123.254903
265,Adams Rock,Private,Ch91/WPA,6,Dorchester,0.21706994,158 Walnut Avenue,Residential District,Urban Wilds & Natural Areas,NULL,BPRD,N,X, ,BPRD,0,0,9455.736328,430.266202
266,10 Josephine Street Garden,Community Group/Nonprofit,Ch91/WPA,5,Dorchester,0.06908424,60 Smith Str.,Residential District,Community Gardens,Boston Urban Gardeners,BPRD,N,X, ,DND,0,0,3009.363281,230.21453
267,29 Josephine Street Garden,Community Group/Nonprofit,Ch91/WPA,5,Dorchester,0.11306632,10 Sewall Str.,Residential District,Community Gardens,Boston Urban Gardeners,BPRD,N,N, ,DND,0,0,4925.265625,335.1589437
268,Mother's Rest at Four Corners,City of Boston,A97,3,Dorchester,1.12453477,28 Mozart Str.,Residential District,"Parks, Playgrounds & Athletic Fields",BPRD,Private+BPRD,X,X, ,BPWD,0,0,49925.37549,1020.599632
269,Ripley Playground,City of Boston,A97,3,Dorchester,0.82672673,Opposite 24 Ripley Road,Residential District,"Parks, Playgrounds & Athletic Fields",BPRD,DCR,X,X, ,DND,0,0,36854.81519,940.4643369
270,Garvey Playground,City of Boston,A97,3,Dorchester,5.27312017,Opposite 345 Neposet Ave.,Residential District,"Parks, Playgrounds & Athletic Fields",BPRD,BPRD,X,N, ,DND,0,0,229295.8442,1961.126104
271,Centervale Park,City of Boston,A97/NRHP/PR,1,Dorchester,0.19595483,Between Upland Ave and Bourneside,Residential District,"Malls, Squares & Plazas",NULL,DCR,N,N,Intervale Park,BPWD,0,0,8535.944824,984.3099269
272,Ventura Playground,Commonwealth of Massachusetts,A97/NRHP,3,Dorchester,1.30990583,Adjacent to 35 St. James Str.,Open Space District,"Parks, Playgrounds & Athletic Fields",DCR,BPRD,X,X, ,DND,0,0,57060.5127,1193.687302
273,Conley & Tenean Streets Park,Commonwealth of Massachusetts,A97,3,Dorchester,0.50706674,158 Walnut Avenue,Industrial District,"Parks, Playgrounds & Athletic Fields",DCR,BPRD,X,X, ,PWD,0,0,22088.21948,724.4303375
274,Norton Street Playground,BRA,A97,3,Dorchester,0.06590689,10 Sewall Str.,Residential District,"Parks, Playgrounds & Athletic Fields",NULL,Private+BPRD,N,X, ,DND,0,0,2957.494873,228.7635472
275,Keystone Shoreline,Private,A97,6,Dorchester,0.52357348,Adjacent to 35 St. James Str.,Special District,Urban Wilds & Natural Areas,NULL,DCR,N,X, ,BPWD,0,0,22807.2666,969.0387871
276,Granite Avenue Ledge,Private,A97,6,Dorchester,0.38129459,158 Walnut Avenue,Special District,Urban Wilds & Natural Areas,NULL,BPRD,N,X, ,DND,0,0,16609.48779,540.1502763
277,Geneva Cliffs I,City of Boston,A97,6,Dorchester,1.82935019,Opposite 227 Walnut Ave,Residential District,Urban Wilds & Natural Areas,BCC,BPRD,X,X, ,BPWD,0,0,78334.9519,1346.483278
278,YMCA Community Park,Private,A97/Ch91/WPA,3,Dorchester,1.02749317,Oppoiste 156 Humboldt Ave.,Residential District,"Parks, Playgrounds & Athletic Fields",NULL,BPWD,N,X, ,BPRD,0,0,44758.39795,1170.51165
279,Torrey Street Park Garden,Community Group/Nonprofit,A97/Ch91/WPA,5,Dorchester,0.06794837,Adjacent to 310 Walnut Ave.,Residential District,Community Gardens,Boston Urban Gardeners,Private+BPRD,N,X, ,DND,0,0,2959.883545,218.7974639
280,Wheatland Avenue Victory Garden,BNAN,A97/Ch91/WPA,5,Dorchester,0.15480932,Opposite 227 Walnut Ave,Residential District,Community Gardens,NULL,DCR,N,N, ,BPS,0,0,6743.614014,335.0827704
281,Clayborne Street Garden,Community Group/Nonprofit,A97/Ch91/WPA,5,Dorchester,0.07610699,Oppoiste 156 Humboldt Ave.,Residential District,Community Gardens,NULL,DCR,N,X, ,BPRD,0,0,3315.279785,244.9913081
282,Fannie Lou Hamer Community Garden,Private,A97/Ch91/WPA,5,Dorchester,0.10322488,Adjacent to 310 Walnut Ave.,Residential District,Community Gardens,NULL,BPRD,N,N, ,DND,0,0,4496.555908,281.3837748
283,Audrey Jacobs Memorial CG,BNAN,Ch91/WPA,5,Dorchester,0.10389404,345 Walnut Ave.,Residential District,Community Gardens,NULL,Private+BPRD,N,X, ,BPS,0,0,4525.705322,286.9784182
284,Bullard Street Garden,Community Group/Nonprofit,Ch91/WPA,5,Dorchester,0.09183434,467-487 Cummins Highway,Residential District,Community Gardens,Boston Urban Gardeners,DCR,N,X, ,PWD,0,0,4000.374512,278.0150884
285,Quincy/Coleman Garden,Community Group/Nonprofit,Land Trust,5,Dorchester,0.3022826,60 Smith Str.,Residential District,Community Gardens,NULL,Private+BPRD,N,N, ,DND,0,0,13167.66553,463.3953356
286,Barry Street Garden,Community Group/Nonprofit,Ch91/WPA,5,Dorchester,0.09218628,Opposite 18 Ranlegh Rd.,Residential District,Community Gardens,Boston Urban Gardeners,BPWD,N,X, ,BPWD,0,0,4015.706055,260.809962
287,Lydon Way Garden,City of Boston,Ch91/WPA,5,Dorchester,0.18563368,Opposite 381 Market Str.,Residential District,Community Gardens,NULL,Private+BPRD,N,X, ,DND,0,0,8086.347412,404.7091836
288,Codman Square,City of Boston,Ch91/WPA,1,Dorchester,0.33918222,Opposite 63 Chestnut Hill Ave,Residential District,"Malls, Squares & Plazas",NULL,BPRD,N,X, ,BPRD,0,0,14775.04053,572.4550699
289,Hayes Park,City of Boston,A97,3,South End,0.28368006,Opposite 178 West Canton Str.,Residential District,"Parks, Playgrounds & Athletic Fields",BPRD,BPRD,X,X, ,DND,0,0,11986.6333,438.1108334
290,Union Park,City of Boston,A97,3,South End,0.37347945,24 Union Park,Residential District,"Parks, Playgrounds & Athletic Fields",BPRD,BPRD,X,N, ,DND,0,0,16269.05249,730.7609147
291,Peters Park II,BRA,A97,3,South End,0.42185015,230 Shawmut Ave.,Residential District,"Parks, Playgrounds & Athletic Fields",NULL,Private+BPRD,N,X, ,BPWD,0,0,22088.99438,1330.051903
292,Peters Park I,City of Boston,A97/NRHP/PR,3,South End,3.39506058,230 Shawmut Ave.,Residential District,"Parks, Playgrounds & Athletic Fields",BPRD,DCR,X,X, ,DND,0,0,144907.2222,1789.604206
293,Rotch Playground,City of Boston,A97/NRHP,3,South End,2.74585015,30 Randolph Str.,Industrial District,"Parks, Playgrounds & Athletic Fields",BPRD,BPRD,X,N, ,BPWD,0,0,119611.3594,1412.849775
294,Ringgold Park,City of Boston,A97,3,South End,0.38043644,10 Ringgold Str.,Residential District,"Parks, Playgrounds & Athletic Fields",BPRD,DCR,X,N,"Hanson St. Play Area, Ringgold St. Play Area",DND,0,0,19405.79834,603.7360209
295,Blackstone Square,City of Boston,A97,1,South End,2.44443563,1535 Washington Str.,Residential District,"Malls, Squares & Plazas",BPRD,BPRD,X,X, ,BPWD,0,0,106481.5095,1309.759836
296,Franklin Square,City of Boston,Ch91/WPA,1,South End,2.48280505,Opposite 7 St. George Str.,Residential District,"Malls, Squares & Plazas",BPRD,BPRD,X,X, ,DND,0,0,108152.9104,1319.669925
297,South End South Burying Ground,City of Boston,A97,4,South End,1.47716127,1620 Washington Str.,Residential District,Cemeteries & Burying Grounds,BPRD,Private+BPRD,X,X, ,BPRD,0,0,64033.50171,1177.641006
298,Worcester Square,City of Boston,A97,1,South End,0.34375641,17 Worcester Sq.,Residential District,"Malls, Squares & Plazas",BPRD,DCR,X,X, ,DND,0,0,14974.29541,709.3220837
299,Carter Playground,City of Boston,A97,3,South End,4.91455022,627 Columbus Ave,Open Space District,"Parks, Playgrounds & Athletic Fields",BPRD,BPRD,X,X, ,DND,0,0,214081.6125,2132.069668
300,Titus Sparrow Park,City of Boston,A97/NRHP/PR,3,South End,1.7513453,75 West Rutland Sq.,Residential District,"Parks, Playgrounds & Athletic Fields",BPRD, ,X,X, ,BPWD,0,0,78354.84009,1450.631853
301,Waltham Square,City of Boston,A97/NRHP,1,South End,0.1184051,Opposite 75 Union Park Str.,Industrial District,"Malls, Squares & Plazas",BPRD,BPWD,X,X, ,DND,0,0,5157.818115,341.2405417
302,Harriet Tubman Square,City of Boston,A97,1,South End,0.14,Columbus/Warren Ave.,Open Space District,"Malls, Squares & Plazas",BPRD,Private+BPRD,X,X,"Tubman Sq, Columbus Square",BPRD,0,0,6175.80249,359.8809442
303,Concord Square,City of Boston,A97,1,South End,0.14955097,Opposite 227 Walnut Ave,Residential District,"Malls, Squares & Plazas",BPRD,DCR,X,N, ,DND,0,0,6514.555664,896.2653545
304,Rutland/Washington Community Garden,Community Group/Nonprofit,A97,5,South End,0.28200651,Oppoiste 156 Humboldt Ave.,Open Space District,Community Gardens,BNAN,DCR,N,X, ,BPRD,0,0,12284.42236,495.7402641
305,Saranac/New Castle Garden,MBTA,A97,5,South End,0.15201745,Adjacent to 310 Walnut Ave.,Open Space District,Community Gardens,NULL,BPRD,N,N, ,DND,0,0,6621.997803,671.906149
306,Kendall & Lenox Streets Garden,Community Group/Nonprofit,100/GPOD,5,South End,0.43402264,345 Walnut Ave.,Open Space District,Community Gardens,BNAN,Private+BPRD,N,X, ,BPS,0,0,18906.36328,633.6945093
307,Ramsay Park,City of Boston,A97,3,South End,5.49340772,467-487 Cummins Highway,Open Space District,"Parks, Playgrounds & Athletic Fields",BPRD,DCR,X,X, ,PWD,0,0,239297.0942,2040.891346
308,Worcester Street Garden,Community Group/Nonprofit,A97,5,South End,0.57,60 Smith Str.,Residential District,Community Gardens,,Private+BPRD,N,N, ,DND,0,0,24808.20483,741.1456672
309,Berkeley Street Garden,Community Group/Nonprofit,A97,5,South End,1.10192904,Opposite 18 Ranlegh Rd.,Residential District,Community Gardens,BNAN,BPWD,N,X, ,BPWD,0,0,48000.88257,1635.980023
310,Warren & Clarendon Streets Garden,Community Group/Nonprofit,A97,5,South End,0.05212554,Opposite 381 Market Str.,Open Space District,Community Gardens,BNAN,Private+BPRD,N,X, ,DND,0,0,2270.62915,197.3971439
311,Unity Towers Garden,Private,A97,5,South End,0.06694949,467-487 Cummins Highway,Residential District,Community Gardens,NULL,BPRD,N,X,Torre Unidad Gdn,BPRD,0,0,2916.371582,217.9827737
312,Dartmouth Garden,Community Group/Nonprofit,A97/WPA,5,South End,0.07154899,60 Smith Str.,Open Space District,Community Gardens,BNAN,BPRD,N,X, ,DND,0,0,3116.729492,233.1132664
313,Wellington Green,Community Group/Nonprofit,A97,5,South End,0.04605808,10 Sewall Str.,Open Space District,Community Gardens,BNAN,BPRD,N,N, ,DND,0,0,2369.753418,238.3420425
314,Blackwood/Claremont Garden,MBTA,A97/Ch91/WPA,5,Back Bay/Beacon Hill,0.09479788,28 Mozart Str.,Open Space District,Community Gardens,NULL,Private+BPRD,N,X, ,BPWD,0,0,4361.095703,321.6673112
315,Greenwich/Cumberland Garden,MBTA,A97/Ch91/WPA,5,Back Bay/Beacon Hill,0.08851492,Adjacent to 35 St. James Str.,Open Space District,Community Gardens,NULL,DCR,N,X, ,DND,0,0,4274.568115,327.2387396
316,Braddock Park Garden,MBTA,A97/Ch91/WPA,5,South End,0.09212478,158 Walnut Avenue,Residential District,Community Gardens,NULL,BPRD,N,N, ,DND,0,0,3930.933838,270.5411308
317,Chester Park,City of Boston,A97/Ch91/WPA,1,South End,0.89013036,Between 531 to 555 Mass Ave.,Residential District,"Malls, Squares & Plazas",BPRD,DCR,X,N, ,BPWD,0,0,38774.76953,1679.24841
318,Msgr. Reynolds Playground,City of Boston,A97/Ch91/WPA,3,South End,0.30609673,Corner of Wash. & Msgr. Reynolds,Residential District,"Parks, Playgrounds & Athletic Fields",BPRD,BPRD,X,X, ,DND,0,0,13978.65308,468.0440507
319,Rutland Square,City of Boston,Ch91/WPA,1,South End,0.15580724,Adjacent to 35 St. James Str.,Residential District,"Malls, Squares & Plazas",BPRD,BPRD,X,X, ,PWD,0,0,6787.083496,923.5242938
320,Hiscock Park,City of Boston,Ch91/WPA,3,South End,0.10572969,158 Walnut Avenue,Residential District,"Parks, Playgrounds & Athletic Fields",BPRD,BPRD,X,X, ,DND,0,0,4605.667236,288.9177734
321,Billings Field,City of Boston,Land Trust,3,West Roxbury,10.77506733,Oppoiste 156 Humboldt Ave.,Open Space District,"Parks, Playgrounds & Athletic Fields",BPRD,Private+BPRD,X,X, ,BPWD,0,0,469370.2772,2795.86271
322,Leatherbee Woods,BNAN,Ch91/WPA,6,West Roxbury,8.15,Adjacent to 310 Walnut Ave.,Open Space District,Urban Wilds & Natural Areas,NULL,DCR,N,X,Hancock Swamp,DND,0,0,354979.2327,2501.690593
323,Mount Benedict Cemetery,Private,Ch91/WPA,4,West Roxbury,79.21,345 Walnut Ave.,Conservation Protection Subdistrict,Cemeteries & Burying Grounds,NULL,BPRD,N,X, ,BPWD,0,0,3454684.523,11302.80067
324,Mount Lebanon Cemetery,Private,Ch91/WPA,4,West Roxbury,48.5943994,467-487 Cummins Highway,Open Space District,Cemeteries & Burying Grounds,NULL,BPWD,N,X, ,DND,0,0,2121996.862,15947.64842
325,Gethsemane Cemetery,Private,A97,4,West Roxbury,20.81197696,60 Smith Str.,Open Space District,Cemeteries & Burying Grounds,NULL,Private+BPRD,N,X, ,BPRD,0,0,907832.7039,3774.160879
326,Hancock Woods I,Commonwealth of Massachusetts,A97,2,West Roxbury,45.95,Opposite 227 Walnut Ave,Conservation Protection Subdistrict,"Parkways, Reservations & Beaches",DCR,DCR,X,N, ,DND,0,0,2001598.817,8079.254446
327,Hancock Woods II,Private,Ch91/WPA,2,West Roxbury,4.59,Oppoiste 156 Humboldt Ave.,Conservation Protection Subdistrict,"Parkways, Reservations & Beaches",NULL,DCR,N,X, ,BPRD,0,0,199859.6764,2093.782163
328,Dana Road I,City of Boston,A97,6,West Roxbury,2.57749731,Adjacent to 310 Walnut Ave.,Residential District,Urban Wilds & Natural Areas,NULL,BPRD,N,N, ,DND,0,0,118826.9171,3280.449454
329,Dana Road II,Private,A97,6,West Roxbury,0.35271219,345 Walnut Ave.,Residential District,Urban Wilds & Natural Areas,NULL,Private+BPRD,N,X, ,BPS,0,0,8692.570679,569.5282321
330,Oak Ridge,Private,A97,6,West Roxbury,0.17911201,467-487 Cummins Highway,Residential District,Urban Wilds & Natural Areas,NULL,DCR,N,X, ,PWD,0,0,7802.258057,354.2238116
331,Sawmill Brook/Brook Farm,Commonwealth of Massachusetts,A97/NRHP/PR,2,West Roxbury,146.6370426,60 Smith Str.,Open Space District,"Parkways, Reservations & Beaches",DCR,Private+BPRD,X,N, ,DND,0,0,6509298.093,18133.71072
332,Congregation Mishkan Tefia Cemetery,Private,A97/NRHP,4,West Roxbury,9.58687512,Opposite 18 Ranlegh Rd.,Open Space District,Cemeteries & Burying Grounds,NULL,BPWD,N,X, ,DND,0,0,417611.7047,3035.375468
333,Draper Playground,City of Boston,A97,3,West Roxbury,5.79121761,Opposite 381 Market Str.,Open Space District,"Parks, Playgrounds & Athletic Fields",BPRD,Private+BPRD,X,X, ,BPWD,0,0,252269.9238,2274.520719
334,Westerly Burying Ground,City of Boston,A97,4,West Roxbury,0.90346258,Opposite 63 Chestnut Hill Ave,Open Space District,Cemeteries & Burying Grounds,BPRD,BPRD,X,X, ,DND,0,0,39355.52966,963.0218051
335,Piemonte Park,City of Boston,A97,1,West Roxbury,0.08956676,Opposite 200 Lasell Str.,Open Space District,"Malls, Squares & Plazas",BPRD,BPRD,X,X, ,PWD,0,0,3901.598022,322.6163895
336,Duffie Square,City of Boston,A97,1,West Roxbury,0.06040139,Clement/Stratford Str.,Residential District,"Malls, Squares & Plazas",BPRD,BPRD,X,N, ,DND,0,0,2631.131714,237.2186866
337,Centre Marsh,Private,100/GPOD,6,West Roxbury,3.7189119,Adjacent to 35 St. James Str.,Residential District,Urban Wilds & Natural Areas,NULL,Private+BPRD,N,X, ,BPWD,0,0,161998.6829,1841.740807
338,St Joseph's Cemetery,Private,A97,4,West Roxbury,128.2757726,158 Walnut Avenue,Conservation Protection Subdistrict,Cemeteries & Burying Grounds,NULL,DCR,N,X, ,DND,0,0,5624021.66,25581.04299
339,Allandale Woods I,City of Boston,A97,6,West Roxbury,49.58,10 Sewall Str.,Conservation Protection Subdistrict,Urban Wilds & Natural Areas,BPRD,BPRD,X,N, ,DND,0,0,2159607.388,13903.26028
340,Allandale Woods III,Private,A97,6,West Roxbury,16.72,28 Mozart Str.,Conservation Protection Subdistrict,Urban Wilds & Natural Areas,BCC,DCR,X,N,Allandale Condo CR,DND,0,0,728521.7102,10707.41082
341,Bellevue Hill Reservation,Commonwealth of Massachusetts,A97,2,West Roxbury,26.78180477,Adjacent to 35 St. James Str.,Open Space District,"Parkways, Reservations & Beaches",DCR,BPRD,X,X, ,BPWD,0,0,1166636.157,4438.480033
342,Praught/Bunker Fields,Private,A97,3,West Roxbury,4.91796284,158 Walnut Avenue,Open Space District,"Parks, Playgrounds & Athletic Fields",NULL, DCR+L319,N,X, ,DND,0,0,214230.2699,2072.028461
343,West Roxbury H.S. Athletic Fields,City of Boston,A97/WPA,3,West Roxbury,13.42,Opposite 227 Walnut Ave,Institutional District,"Parks, Playgrounds & Athletic Fields",NULL,BPRD,N,X, ,BPRD,0,0,584754.0973,4350.468984
344,Catholic Memorial H.S. Athltc Fld,Private,A97,3,West Roxbury,7.26006285,Oppoiste 156 Humboldt Ave.,Institutional District,"Parks, Playgrounds & Athletic Fields",NULL,BPWD,N,X, ,DND,0,0,316253.9993,2609.819171
345,Harvard Medical School Quadrangle,Private,A97/Ch91/WPA,1,Fenway/Kenmore,1.71223131,Adjacent to 310 Walnut Ave.,Institutional District,"Malls, Squares & Plazas",NULL,Private+BPRD,N,X, ,DND,0,0,74586.12183,1227.896682
346,Wentworth Grounds,Private,A97/Ch91/WPA,1,Fenway/Kenmore,3.28579794,345 Walnut Ave.,Institutional District,"Malls, Squares & Plazas",NULL,DCR,N,X, ,BPWD,0,0,143131.9031,2893.546632
347,Mason Schoolyard,City of Boston,A97/Ch91/WPA,3,Roxbury,0.38047679,467-487 Cummins Highway,Industrial District,"Parks, Playgrounds & Athletic Fields",NULL,DCR,N,X, ,DND,0,0,16573.86377,774.3221478
348,Boys Club Park,Private,A97/Ch91/WPA,3,Roxbury,0.81512514,60 Smith Str.,Commercial/Office/Business District,"Parks, Playgrounds & Athletic Fields",NULL,BPRD,N,X, ,BPRD,0,0,35507.48193,738.1356619
349,UMass Boston Athletic Fields,Commonwealth of Massachusetts,A97/Ch91/WPA,3,Dorchester,18.4677814,10 Sewall Str.,Industrial District,"Parks, Playgrounds & Athletic Fields",NULL,Private+BPRD,N,N, ,DND,0,0,429393.0713,4541.066208
350,Claymont Terrace,Private,Ch91/WPA,3,Dorchester,0.60573728,28 Mozart Str.,Residential District,"Parks, Playgrounds & Athletic Fields",NULL,DCR,N,X, ,BPRD,0,0,26386.3855,712.9041088
351,Lucy Stone Schoolyard,City of Boston,Ch91/WPA,3,Dorchester,0.78345732,10 Sewall Str.,Commercial/Office/Business District,"Parks, Playgrounds & Athletic Fields",NULL,Private+BPRD,N,N, ,DND,0,0,34128.00708,1512.691079
352,Dartmouth Street Mall,City of Boston,Land Trust,1,Back Bay/Beacon Hill,0.99856538,28 Mozart Str.,Commercial/Office/Business District,"Malls, Squares & Plazas",NULL,BPWD,N,N, ,BPS,0,0,43849.42798,2564.191329
353,Ramler Park,City of Boston,Ch91/WPA,3,Fenway/Kenmore,0.51,124 Peterborough Str.,Institutional District,"Parks, Playgrounds & Athletic Fields",BPRD,Private+BPRD,X,X,2159,PWD,0,0,22040.09814,604.725552
354,Belle Isle Coastal Preserve,City of Boston,Ch91/WPA,6,East Boston,1.57,61-74 Faneuil Str.,Open Space District,Urban Wilds & Natural Areas,NULL,BPRD,N,X, ,DND,0,0,68192.25073,1317.672623
355,Fernald Rock,City of Boston,Ch91/WPA,6,Dorchester,0.06422499,Opposite 18 Ranlegh Rd.,Residential District,Urban Wilds & Natural Areas,BCC,BPRD,X,X, ,BPWD,0,0,2763.768311,217.0126869
356,Richmond & North Streets Park I,MassDOT,A97,3,Central Boston,0.09,Opposite 381 Market Str.,Residential District,"Parks, Playgrounds & Athletic Fields",NULL,BPRD,N,X,Richmond Street Play Area,DND,0,0,4137.634033,450.9986225
357,Nashua Street Park,Commonwealth of Massachusetts,A97,2,Central Boston,2.03353691,Opposite 63 Chestnut Hill Ave,Open Space District,"Parkways, Reservations & Beaches",DCR,Private+BPRD,X,X,New Charles River Reservation,BPRD,0,0,88582.44409,1848.828092
358,Crittenton Hospital,Private,A97,6,Allston-Brighton,2.92656298,Adjacent to 35 St. James Str.,Conservation Protection Subdistrict,Urban Wilds & Natural Areas,NULL,DCR,N,X, ,DND,0,0,127483.3503,1673.778893
359,Chestnut Hill Reservoir,Commonwealth of Massachusetts,A97/NRHP/PR,2,Allston-Brighton,115.8023318,158 Walnut Avenue,Open Space District,"Parkways, Reservations & Beaches",DCR,BPRD,X,X, ,DND,0,0,5044439.254,20198.08007
360,Commonwealth Avenue Outbound,City of Boston,A97,1,Allston-Brighton,5.52780408,Opposite 227 Walnut Ave,Commercial/Office/Business District,"Malls, Squares & Plazas",NULL,DCR,N,X, ,BPWD,0,0,240795.4214,35569.11925
361,Mount St. Joseph's Athletic Fields,Private,A97,6,Allston-Brighton,4.19149009,Oppoiste 156 Humboldt Ave.,Conservation Protection Subdistrict,Urban Wilds & Natural Areas,NULL,BPRD,N,X, ,DND,0,0,156605.4797,1909.547478
